{"CIFAR10": {"inception": 1.36636483669281, "clip": 1.2299174070358276, "dinov2": 1.2861071825027466}, "FFHQ256": {"inception": 1.3440778255462646, "clip": 1.3363995552062988, "dinov2": 1.2970645427703857}, "ImageNet256": {"inception": 1.2317967414855957, "clip": 1.3303940296173096, "dinov2": 1.2573161125183105}}